{
  "boxutility":{
    "loaded_200":{
      "extents":{"x":1.919999957,"y":4.534999847,"z":1.554310083},
      "refnodeOffset":{"x":0.2800000012,"y":-1.067499995,"z":0.3428449929}
    },
    "loaded_2XL":{
      "extents":{"x":1.919999957,"y":4.534999847,"z":0.9443100095},
      "refnodeOffset":{"x":0.2800000012,"y":-1.067499995,"z":0.03784501553}
    },
    "loaded_400":{
      "extents":{"x":1.919999957,"y":4.534999847,"z":1.554310083},
      "refnodeOffset":{"x":0.2800000012,"y":-1.067499995,"z":0.3428449929}
    },
    "loaded_600":{
      "extents":{"x":1.919999957,"y":4.534999847,"z":1.554310083},
      "refnodeOffset":{"x":0.2800000012,"y":-1.067499995,"z":0.3428449929}
    },
    "loaded_armchairs":{
      "extents":{"x":1.919999957,"y":4.534999847,"z":1.45431006},
      "refnodeOffset":{"x":0.2800000012,"y":-1.067499995,"z":0.292844981}
    },
    "loaded_couch":{
      "extents":{"x":1.919999957,"y":4.534999847,"z":1.444310069},
      "refnodeOffset":{"x":0.2800000012,"y":-1.067499995,"z":0.2878449857}
    },
    "loaded_engine":{
      "extents":{"x":1.919999957,"y":4.534999847,"z":0.9443100095},
      "refnodeOffset":{"x":0.2800000012,"y":-1.067499995,"z":0.03784501553}
    },
    "loaded_planks":{
      "extents":{"x":1.919999957,"y":4.534999847,"z":1.554310083},
      "refnodeOffset":{"x":0.2800000012,"y":-1.067499995,"z":0.3428449929}
    }
  },
  "boxutility_large":{
    "loaded_3XL":{
      "extents":{"x":2.420000076,"y":4.954999924,"z":1.994310021},
      "refnodeOffset":{"x":0.3700000048,"y":-0.7875000238,"z":0.5628449917}
    },
    "loaded_400":{
      "extents":{"x":2.420000076,"y":4.954999924,"z":1.994310021},
      "refnodeOffset":{"x":0.3700000048,"y":-0.7875000238,"z":0.5628449917}
    },
    "loaded_800":{
      "extents":{"x":2.420000076,"y":4.954999924,"z":1.994310021},
      "refnodeOffset":{"x":0.3700000048,"y":-0.7875000238,"z":0.5628449917}
    },
    "loaded_armchairs":{
      "extents":{"x":2.420000076,"y":4.954999924,"z":1.994310021},
      "refnodeOffset":{"x":0.3700000048,"y":-0.7875000238,"z":0.5628449917}
    },
    "loaded_couch":{
      "extents":{"x":2.420000076,"y":4.954999924,"z":1.994310021},
      "refnodeOffset":{"x":0.3700000048,"y":-0.7875000238,"z":0.5628449917}
    },
    "loaded_engine":{
      "extents":{"x":2.420000076,"y":4.954999924,"z":1.994310021},
      "refnodeOffset":{"x":0.3700000048,"y":-0.7875000238,"z":0.5628449917}
    },
    "loaded_planks":{
      "extents":{"x":2.420000076,"y":4.954999924,"z":1.994310021},
      "refnodeOffset":{"x":0.3700000048,"y":-0.7875000238,"z":0.5628449917}
    },
    "loaded_planks_long":{
      "extents":{"x":2.420000076,"y":4.954999924,"z":1.994310021},
      "refnodeOffset":{"x":0.3700000048,"y":-0.7875000238,"z":0.5628449917}
    },
    "unsafe":{
      "extents":{"x":2.420000076,"y":4.954999924,"z":1.994310021},
      "refnodeOffset":{"x":0.3700000048,"y":-0.7875000238,"z":0.5628449917}
    }
  },
  "caravan":{
    "default":{
      "extents":{"x":2.400000095,"y":6.045000076,"z":3.187299967},
      "refnodeOffset":{"x":0.4199999869,"y":-0.782500267,"z":1.066349983}
    },
    "empty":{
      "extents":{"x":2.400000095,"y":6.045000076,"z":2.847300053},
      "refnodeOffset":{"x":0.4199999869,"y":-0.782500267,"z":0.8963499665}
    }
  },
  "cargotrailer":{
    "loaded_400":{
      "extents":{"x":2.619999886,"y":6.289999962,"z":2.394000053},
      "refnodeOffset":{"x":0.3700000048,"y":-1.1450001,"z":0.8430000544}
    },
    "loaded_4XL":{
      "extents":{"x":2.619999886,"y":6.289999962,"z":2.394000053},
      "refnodeOffset":{"x":0.3700000048,"y":-1.1450001,"z":0.8430000544}
    },
    "loaded_800":{
      "extents":{"x":2.619999886,"y":6.289999962,"z":2.394000053},
      "refnodeOffset":{"x":0.3700000048,"y":-1.1450001,"z":0.8430000544}
    },
    "loaded_armchairs":{
      "extents":{"x":2.619999886,"y":6.289999962,"z":2.394000053},
      "refnodeOffset":{"x":0.3700000048,"y":-1.1450001,"z":0.8430000544}
    },
    "loaded_couch":{
      "extents":{"x":2.619999886,"y":6.289999962,"z":2.394000053},
      "refnodeOffset":{"x":0.3700000048,"y":-1.1450001,"z":0.8430000544}
    },
    "loaded_planks":{
      "extents":{"x":2.619999886,"y":6.289999962,"z":2.394000053},
      "refnodeOffset":{"x":0.3700000048,"y":-1.1450001,"z":0.8430000544}
    },
    "loaded_planks_long":{
      "extents":{"x":2.619999886,"y":6.289999962,"z":2.394000053},
      "refnodeOffset":{"x":0.3700000048,"y":-1.1450001,"z":0.8430000544}
    }
  },
  "containerTrailer":{
    "20ft_2axle_20ft":{
      "extents":{"x":2.552000046,"y":8.673700333,"z":4.036300182},
      "refnodeOffset":{"x":0.6200000048,"y":0.8964500427,"z":1.015850067}
    },
    "20ft_2axle_tank":{
      "extents":{"x":2.552000046,"y":8.673700333,"z":4.036300182},
      "refnodeOffset":{"x":0.6200000048,"y":0.8964500427,"z":1.015850067}
    },
    "20ft_2axle_tank_empty":{
      "extents":{"x":2.552000046,"y":8.673700333,"z":4.036300182},
      "refnodeOffset":{"x":0.6200000048,"y":0.8964500427,"z":1.015850067}
    },
    "40ft_3axle_20ft":{
      "extents":{"x":2.552000046,"y":12.46370029,"z":3.966300011},
      "refnodeOffset":{"x":0.6200000048,"y":1.398149967,"z":1.030850172}
    },
    "40ft_3axle_20ft_double":{
      "extents":{"x":2.552000046,"y":12.46370029,"z":4.10130024},
      "refnodeOffset":{"x":0.6200000048,"y":1.398149967,"z":1.098350048}
    },
    "40ft_3axle_20ft_short":{
      "extents":{"x":2.572599888,"y":9.723700523,"z":3.966300011},
      "refnodeOffset":{"x":0.6200000048,"y":0.02815008163,"z":1.030850172}
    },
    "40ft_3axle_40ft":{
      "extents":{"x":2.552000046,"y":12.46370029,"z":3.966300011},
      "refnodeOffset":{"x":0.6200000048,"y":1.398149967,"z":1.030850172}
    },
    "40ft_3axle_tank":{
      "extents":{"x":2.552000046,"y":12.46370029,"z":3.966300011},
      "refnodeOffset":{"x":0.6200000048,"y":1.398149967,"z":1.030850172}
    },
    "40ft_3axle_tank_double":{
      "extents":{"x":2.552000046,"y":12.46370029,"z":4.10130024},
      "refnodeOffset":{"x":0.6200000048,"y":1.398149967,"z":1.098350048}
    }
  },
  "dryvan":{
    "28ft":{
      "extents":{"x":2.660000086,"y":8.43999958,"z":4.15500021},
      "refnodeOffset":{"x":1.289999962,"y":1.820000172,"z":0.8325001001}
    },
    "28ft_4500kg":{
      "extents":{"x":2.660000086,"y":8.43999958,"z":4.15500021},
      "refnodeOffset":{"x":1.289999962,"y":1.820000172,"z":0.8325001001}
    },
    "28ft_9600kg":{
      "extents":{"x":2.660000086,"y":8.43999958,"z":4.15500021},
      "refnodeOffset":{"x":1.289999962,"y":1.820000172,"z":0.8325001001}
    },
    "48ft":{
      "extents":{"x":2.660000086,"y":14.58500004,"z":4.15500021},
      "refnodeOffset":{"x":1.289999962,"y":-1.107500076,"z":0.8325001001}
    },
    "48ft_19200kg":{
      "extents":{"x":2.660000086,"y":14.58500004,"z":4.15500021},
      "refnodeOffset":{"x":1.289999962,"y":-1.107500076,"z":0.8325001001}
    },
    "48ft_loadingramp":{
      "extents":{"x":2.660000086,"y":15.04999924,"z":4.15500021},
      "refnodeOffset":{"x":1.289999962,"y":-0.875,"z":0.8325001001}
    },
    "48ft_loadingramp_offset":{
      "extents":{"x":2.660000086,"y":15.04999924,"z":4.15500021},
      "refnodeOffset":{"x":1.289999962,"y":-0.875,"z":0.8325001001}
    },
    "48ft_spreadaxle":{
      "extents":{"x":2.660000086,"y":14.58500004,"z":4.15500021},
      "refnodeOffset":{"x":1.289999962,"y":-1.107500076,"z":0.8325001001}
    },
    "48ft_spreadaxle_6750kg":{
      "extents":{"x":2.660000086,"y":14.58500004,"z":4.15500021},
      "refnodeOffset":{"x":1.289999962,"y":-1.107500076,"z":0.8325001001}
    },
    "53ft":{
      "extents":{"x":2.660000086,"y":16.10499954,"z":4.15500021},
      "refnodeOffset":{"x":1.289999962,"y":-2.337500095,"z":0.8325001001}
    },
    "53ft_13500kg":{
      "extents":{"x":2.660000086,"y":16.10499954,"z":4.15500021},
      "refnodeOffset":{"x":1.289999962,"y":-2.337500095,"z":0.8325001001}
    },
    "53ft_22400kg":{
      "extents":{"x":2.660000086,